rank	score	disease_name	disease_identifier
1	0.900921	OMIM:603553	OMIM:603553
2	0.868377	OMIM:614184	OMIM:614184
3	0.852568	OMIM:144200	OMIM:144200
4	0.834585	OMIM:167000	OMIM:167000
5	0.774775	OMIM:610168	OMIM:610168
6	0.745612	OMIM:610474	OMIM:610474
7	0.717422	OMIM:114550	OMIM:114550
8	0.689545	OMIM:600373	OMIM:600373
9	0.663242	OMIM:160150	OMIM:160150
10	0.626218	OMIM:277600	OMIM:277600
